game_id,game_date,team,min,fgm,fga,fg2m,fg2a,fg3m,fg3a,ftm,fta,pts,reb,ast,to,stl,blk,oreb,dreb,pf,ncat_score,opp_score,home_away,win,opponent,is_ncat,team_score,opp_score_,opp_team,opp_min,opp_fgm,opp_fga,opp_fg2m,opp_fg2a,opp_fg3m,opp_fg3a,opp_ftm,opp_fta,opp_pts,opp_reb,opp_ast,opp_to,opp_stl,opp_blk,opp_oreb,opp_dreb,opp_pf,poss,opp_poss,pace,ortg,drtg,efg_pct,tov_pct,orb_pct,ts_pct,ortg_r5,drtg_r5,pace_r5,efg_pct_r5
401581728,2023-11-24,Alabama State Hornets,200.0,34,61,27,45,7,16,13,20,88,34,16,10,6,1,10,24,23,73,88,home,0,Alabama State Hornets,0,88,73,North Carolina A&T Aggies,200.0,19,55,11,26,8,29,27,32,73,26,12,10,6,3,7,19,17,69.8,72.08,70.94,124.04849168311249,102.90386241894561,0.6147540983606558,0.14326647564469916,0.3448275862068966,0.6303724928366763,,,,
401729285,2024-12-21,Arkansas Razorbacks,200.0,37,74,31,50,6,24,15,19,95,43,26,6,4,9,13,30,16,67,95,away,0,Arkansas Razorbacks,0,95,67,North Carolina A&T Aggies,200.0,27,75,23,53,4,22,9,17,67,35,7,8,5,1,16,19,13,75.36,74.48,74.92,126.80192205018686,89.42872397223705,0.5405405405405406,0.07961783439490445,0.40625,0.5767362797474502,,,,
401721014,2024-11-26,Buffalo Bulls,200.0,26,64,18,39,8,25,22,28,82,39,17,13,3,6,9,30,13,81,82,away,0,Buffalo Bulls,0,82,81,North Carolina A&T Aggies,200.0,28,70,17,42,11,28,14,18,81,37,15,9,9,4,8,29,22,80.32,78.92,79.62,102.98919869379553,101.73323285606631,0.46875,0.16185258964143429,0.23684210526315788,0.5372117400419287,,,,
401600619,2024-01-05,Campbell Fighting Camels,200.0,18,53,10,30,8,23,18,19,62,21,7,10,6,4,5,16,14,76,62,home,1,Campbell Fighting Camels,0,62,76,North Carolina A&T Aggies,200.0,29,61,20,36,9,25,9,11,76,33,11,10,3,3,10,23,14,66.36,65.84,66.1,93.79727685325265,114.97730711043874,0.41509433962264153,0.1506931886678722,0.17857142857142858,0.5052151238591917,,,,
401600761,2024-03-02,Campbell Fighting Camels,200.0,24,59,13,29,11,30,5,7,64,33,19,6,3,0,4,29,11,62,64,away,0,Campbell Fighting Camels,0,64,62,North Carolina A&T Aggies,200.0,24,62,15,35,9,27,5,5,62,38,11,7,5,2,8,30,11,64.08,63.2,63.64,100.56568196103079,97.42300439974858,0.5,0.09363295880149813,0.11764705882352941,0.5154639175257733,,,,
401714261,2025-02-11,Campbell Fighting Camels,200.0,25,51,20,31,5,20,11,19,66,26,16,8,6,5,6,20,15,62,66,away,0,Campbell Fighting Camels,0,66,62,North Carolina A&T Aggies,200.0,24,52,23,38,1,14,13,16,62,30,12,11,6,2,7,23,16,61.36,63.04,62.2,106.10932475884245,99.67845659163986,0.5392156862745098,0.1303780964797914,0.20689655172413793,0.5559299191374664,97.18147940714172,106.20015575509366,64.87,0.45754716981132076
401714282,2025-02-21,Campbell Fighting Camels,200.0,20,51,17,31,3,20,7,12,50,28,11,14,7,4,7,21,15,53,50,home,1,Campbell Fighting Camels,0,50,53,North Carolina A&T Aggies,200.0,20,49,14,31,6,18,7,9,53,29,7,18,10,4,7,22,14,63.28,63.96,63.620000000000005,78.59163784973279,83.30713612071675,0.4215686274509804,0.22123893805309733,0.2413793103448276,0.44420753375977257,100.15742785770863,104.02625603394239,63.98,0.4847700086323838
401812058,2026-02-07,Campbell Fighting Camels,200.0,26,55,18,37,8,18,19,26,79,34,13,12,4,2,7,27,16,71,79,home,0,Campbell Fighting Camels,0,79,71,North Carolina A&T Aggies,200.0,28,61,25,51,3,10,12,21,71,31,14,9,10,2,10,21,23,71.44,69.24,70.34,112.31162922945693,100.93829968723342,0.5454545454545454,0.167973124300112,0.25,0.5945213726670681,94.76598035571467,98.84647605563597,63.89,0.46896966333703294
401812098,2026-03-04,Campbell Fighting Camels,200.0,32,58,22,35,10,23,16,22,90,32,21,13,5,4,10,22,18,72,90,away,0,Campbell Fighting Camels,0,90,72,North Carolina A&T Aggies,200.0,28,60,23,45,5,15,11,21,72,26,14,13,6,1,10,16,16,70.68,72.24,71.46000000000001,125.94458438287153,100.75566750629721,0.6379310344827587,0.1839275608375778,0.38461538461538464,0.6648936170212766,98.27511013046312,99.26484078195547,65.17999999999999,0.4842666397605354
401600711,2024-02-09,Charleston Cougars,200.0,31,68,21,37,10,31,8,18,80,47,18,9,3,1,14,33,18,58,80,away,0,Charleston Cougars,0,80,58,North Carolina A&T Aggies,200.0,24,57,22,41,2,16,8,20,58,29,10,8,6,7,6,23,14,70.92,67.8,69.36,115.34025374855825,83.62168396770473,0.5294117647058824,0.12690355329949238,0.3783783783783784,0.5268703898840885,,,,
401714254,2025-02-06,Charleston Cougars,200.0,25,55,18,32,7,23,9,13,66,31,15,10,8,2,6,25,16,63,66,away,0,Charleston Cougars,0,66,63,North Carolina A&T Aggies,200.0,23,55,15,30,8,25,9,16,63,34,12,12,7,1,9,25,12,64.72,65.04,64.88,101.72626387176327,97.10234278668311,0.5181818181818182,0.15451174289245984,0.1935483870967742,0.5434782608695652,,,,
401714277,2025-02-15,Charleston Cougars,200.0,23,52,14,26,9,26,14,23,69,27,20,10,7,2,5,22,16,59,69,home,0,Charleston Cougars,0,69,59,North Carolina A&T Aggies,200.0,22,53,18,35,4,18,11,19,59,35,14,13,7,1,9,26,15,67.12,65.36,66.24000000000001,104.16666666666666,89.07004830917873,0.5288461538461539,0.14898688915375446,0.16129032258064516,0.5553766902768835,108.53325881016076,90.36201337719392,67.12,0.5237967914438503
401812049,2026-02-06,Charleston Cougars,200.0,31,59,25,38,6,21,10,14,78,27,13,13,11,4,6,21,15,62,78,away,0,Charleston Cougars,0,78,62,North Carolina A&T Aggies,200.0,20,54,13,31,7,23,15,18,62,33,9,16,7,4,9,24,11,72.16,68.92,70.53999999999999,110.57555996597677,87.89339381910973,0.576271186440678,0.18015521064301554,0.2,0.5985267034990792,107.07772809566272,89.93135835452217,66.82666666666667,0.5254799122446182
401812071,2026-02-20,Charleston Cougars,200.0,27,61,17,35,10,26,10,14,74,35,19,7,7,4,11,24,14,61,74,home,0,Charleston Cougars,0,74,61,North Carolina A&T Aggies,200.0,22,54,15,30,7,24,10,15,61,28,12,12,3,5,7,21,13,63.16,65.6,64.38,114.9425287356322,94.74992233612925,0.5245901639344263,0.11082963901203294,0.34375,0.55092316855271,107.95218606324124,89.42186722066907,67.755,0.5381777307936331
401820801,2025-12-03,Charlotte 49ers,200.0,26,50,17,28,9,22,13,19,74,28,15,11,7,3,8,20,25,57,74,away,0,Charlotte 49ers,0,74,57,North Carolina A&T Aggies,200.0,17,47,13,29,4,18,19,29,57,23,6,11,7,1,6,17,16,61.36,64.76,63.06,117.34855692990803,90.39010466222645,0.61,0.17926988265971316,0.32,0.6339958875942426,,,,
401731875,2024-11-05,Cheyney (PA) Wolves,200.0,17,55,10,30,7,25,14,33,55,30,8,16,6,4,6,24,23,107,55,home,1,Cheyney (PA) Wolves,0,55,107,North Carolina A&T Aggies,200.0,38,75,24,37,14,38,17,25,107,54,24,10,9,0,15,39,20,79.52,81.0,80.25999999999999,68.52728631946175,133.31672065786196,0.37272727272727274,0.2012072434607646,0.13333333333333333,0.39556962025316456,,,,
401581734,2023-12-21,Coastal Carolina Chanticleers,200.0,33,64,26,39,7,25,9,16,82,38,20,11,5,3,9,29,13,85,82,away,1,Coastal Carolina Chanticleers,0,82,85,North Carolina A&T Aggies,200.0,32,67,20,38,12,29,9,16,85,27,12,6,7,3,7,20,14,73.04,73.04,73.04,112.26725082146768,116.37458926615551,0.5703125,0.1506024096385542,0.3103448275862069,0.5771396396396395,,,,
401724539,2024-12-18,Coastal Carolina Chanticleers,200.0,26,58,23,39,3,19,18,23,73,38,8,8,3,3,8,30,12,68,73,home,0,Coastal Carolina Chanticleers,0,73,68,North Carolina A&T Aggies,200.0,26,67,21,52,5,15,11,14,68,31,9,6,3,3,8,23,21,68.12,71.16,69.64,104.82481332567491,97.64503159103964,0.47413793103448276,0.11743981209630064,0.25806451612903225,0.5358191426893717,,,,
401827733,2025-11-28,Davidson Wildcats,200.0,31,55,23,38,8,17,20,35,90,33,16,6,6,3,9,24,22,74,90,away,0,Davidson Wildcats,0,90,74,North Carolina A&T Aggies,200.0,24,47,16,30,8,17,18,30,74,27,8,10,5,4,5,22,26,67.4,65.2,66.30000000000001,135.7466063348416,111.61387631975866,0.6363636363636364,0.08902077151335311,0.2903225806451613,0.6392045454545454,,,,
401600685,2024-01-26,Delaware Blue Hens,200.0,34,67,23,42,11,25,11,17,90,38,22,8,5,2,11,27,18,71,90,away,0,Delaware Blue Hens,0,90,71,North Carolina A&T Aggies,200.0,22,60,13,37,9,23,18,23,71,28,9,8,7,5,6,22,16,71.48,72.12,71.80000000000001,125.34818941504176,98.88579387186628,0.5895522388059702,0.1119194180190263,0.3333333333333333,0.604189044038668,,,,
401600730,2024-02-17,Delaware Blue Hens,200.0,23,51,18,28,5,23,11,16,62,28,9,9,2,4,7,21,13,54,62,home,0,Delaware Blue Hens,0,62,54,North Carolina A&T Aggies,200.0,21,55,19,44,2,11,10,13,54,28,13,7,5,0,7,21,14,60.04,60.72,60.379999999999995,102.68300761841671,89.43358728055648,0.5,0.14990006662225183,0.25,0.5341144038594073,,,,
401714197,2025-01-10,Delaware Blue Hens,200.0,35,63,27,44,8,19,20,25,98,40,20,14,5,4,4,36,24,88,98,home,0,Delaware Blue Hens,0,98,88,North Carolina A&T Aggies,200.0,32,71,26,49,6,22,18,28,88,31,17,8,6,3,7,24,17,84.0,84.32,84.16,116.4448669201521,104.56273764258555,0.6190476190476191,0.16666666666666666,0.14285714285714285,0.6621621621621622,114.01559851672923,94.15969057621137,66.09,0.5447761194029851
401600654,2024-01-12,Drexel Dragons,200.0,29,60,27,48,2,12,7,10,67,42,10,11,2,6,11,31,18,63,67,home,0,Drexel Dragons,0,67,63,North Carolina A&T Aggies,200.0,23,60,19,44,4,16,13,19,63,25,7,6,4,4,6,19,13,64.4,68.36,66.38,100.93401626996084,94.9081048508587,0.5,0.17080745341614906,0.36666666666666664,0.5201863354037266,,,,
401600691,2024-01-27,Drexel Dragons,200.0,23,59,15,34,8,25,8,14,62,45,15,9,5,6,12,33,12,47,62,away,0,Drexel Dragons,0,62,47,North Carolina A&T Aggies,200.0,19,57,18,45,1,12,8,15,47,26,8,7,4,3,5,21,13,62.16,65.6,63.879999999999995,97.05698184095179,73.57545397620538,0.4576271186440678,0.1447876447876448,0.36363636363636365,0.47575199508901167,,,,
401714190,2025-01-04,Drexel Dragons,200.0,26,59,18,37,8,22,8,13,68,41,10,14,6,9,11,30,18,59,68,home,0,Drexel Dragons,0,68,59,North Carolina A&T Aggies,200.0,19,62,17,47,2,15,19,22,59,32,7,12,10,3,12,20,17,67.72,71.68,69.7,97.5609756097561,84.64849354375896,0.5084745762711864,0.2067336089781453,0.3548387096774194,0.5253399258343634,98.99549905545632,84.24177941353204,65.13,0.4788135593220339
401812045,2026-01-31,Drexel Dragons,200.0,26,61,17,38,9,23,0,2,61,32,15,10,3,2,8,24,15,60,61,away,0,Drexel Dragons,0,61,60,North Carolina A&T Aggies,200.0,21,53,16,32,5,21,13,15,60,30,9,9,8,3,5,25,10,63.88,63.6,63.74,95.70128647631002,94.13241292751803,0.5,0.15654351909830932,0.24242424242424243,0.49288946347769874,98.51732457355625,84.37735079027435,66.65333333333332,0.48870056497175146
401722196,2024-11-29,East Carolina Pirates,200.0,33,63,25,42,8,21,19,22,93,36,23,9,3,5,11,25,15,69,93,away,0,East Carolina Pirates,0,93,69,North Carolina A&T Aggies,200.0,26,67,19,42,7,25,10,13,69,29,13,8,4,4,11,18,16,70.68,69.72,70.2,132.47863247863248,98.29059829059828,0.5873015873015873,0.12733446519524616,0.3793103448275862,0.63979086406164,,,,
401600650,2024-01-07,Elon Phoenix,200.0,27,66,13,32,14,34,9,17,77,47,17,7,3,5,12,35,14,59,77,away,0,Elon Phoenix,0,77,59,North Carolina A&T Aggies,200.0,21,58,17,42,4,16,13,19,59,27,8,3,3,7,4,23,17,68.48,65.36,66.92,115.06276150627615,88.16497310221159,0.5151515151515151,0.10221962616822429,0.34285714285714286,0.5239520958083832,,,,
401600705,2024-02-03,Elon Phoenix,200.0,23,47,14,27,9,20,14,20,69,28,16,11,8,0,5,23,16,65,69,home,0,Elon Phoenix,0,69,65,North Carolina A&T Aggies,200.0,23,59,14,33,9,26,10,13,65,33,16,9,3,2,11,22,15,61.8,62.72,62.26,110.8255701895278,104.40089945390298,0.5851063829787234,0.1779935275080906,0.18518518518518517,0.6182795698924731,,,,
401714187,2025-01-03,Elon Phoenix,200.0,23,59,16,34,7,25,22,27,75,43,12,8,2,3,18,25,12,67,75,home,0,Elon Phoenix,0,75,67,North Carolina A&T Aggies,200.0,23,64,12,38,11,26,10,16,67,32,13,6,6,2,13,19,19,60.88,64.04,62.46000000000001,120.0768491834774,107.26865193723982,0.4491525423728814,0.1314060446780552,0.4864864864864865,0.5290632054176072,112.94416584790197,96.28293627805729,64.59,0.5501289490651193
401714268,2025-02-14,Elon Phoenix,200.0,23,53,16,35,7,18,6,8,59,30,6,15,6,7,9,21,12,60,59,away,1,Elon Phoenix,0,59,60,North Carolina A&T Aggies,200.0,24,57,20,42,4,15,8,12,60,26,9,9,11,1,7,19,10,62.52,64.28,63.400000000000006,93.05993690851734,94.6372239747634,0.5,0.2399232245681382,0.32142857142857145,0.5219391365888181,115.32172695976044,99.9448414977848,63.88,0.5164701468343733
401812005,2026-01-09,Elon Phoenix,200.0,24,60,16,37,8,23,13,22,69,31,18,9,8,1,9,22,9,64,69,home,0,Elon Phoenix,0,69,64,North Carolina A&T Aggies,200.0,25,64,18,34,7,30,7,9,64,40,15,13,4,7,12,28,18,69.68,68.96,69.32,99.5383727639931,92.32544720138489,0.4666666666666667,0.12916188289322617,0.24324324324324326,0.4951205510907003,109.75627944694968,98.61793711702944,63.760000000000005,0.51235261012578
401812077,2026-02-22,Elon Phoenix,200.0,28,66,17,35,11,31,15,20,82,26,13,8,5,2,16,10,17,102,82,away,1,Elon Phoenix,0,82,102,North Carolina A&T Aggies,200.0,38,57,30,42,8,15,18,21,102,31,12,10,4,1,8,23,16,66.8,68.24,67.52,121.44549763033177,151.06635071090048,0.5075757575757576,0.11976047904191617,0.41025641025641024,0.5481283422459893,107.71269811035836,97.35943913390054,64.872,0.5032154214339573
401581735,2023-12-30,George Mason Patriots,200.0,34,58,28,36,6,22,20,25,94,35,16,11,6,4,10,25,18,69,94,away,0,George Mason Patriots,0,94,69,North Carolina A&T Aggies,200.0,23,56,16,35,7,21,16,25,69,23,8,10,8,1,8,15,18,70.0,69.0,69.5,135.25179856115108,99.28057553956835,0.6379310344827587,0.15714285714285714,0.4,0.6811594202898551,,,,
401718137,2024-11-13,George Washington Revolutionaries,200.0,31,64,24,39,7,25,16,18,85,36,11,13,11,4,10,26,14,80,85,away,0,George Washington Revolutionaries,0,85,80,North Carolina A&T Aggies,200.0,32,64,24,44,8,20,8,10,80,27,10,14,8,4,5,22,14,74.92,77.4,76.16,111.60714285714286,105.0420168067227,0.5390625,0.17351841964762413,0.3125,0.5909343715239155,,,,
401600666,2024-01-16,Hampton Pirates,200.0,32,60,22,37,10,23,6,10,80,31,14,9,4,5,6,25,10,81,80,away,1,Hampton Pirates,0,80,81,North Carolina A&T Aggies,200.0,33,66,23,40,10,26,5,8,81,27,15,6,6,4,7,20,11,67.4,68.52,67.96000000000001,117.71630370806356,119.18775750441435,0.6166666666666667,0.13353115727002965,0.23076923076923078,0.6211180124223602,,,,
401600698,2024-02-02,Hampton Pirates,200.0,23,52,20,39,3,13,9,15,58,33,11,10,2,6,7,26,11,59,58,home,1,Hampton Pirates,0,58,59,North Carolina A&T Aggies,200.0,24,64,16,42,8,22,3,7,59,36,13,4,8,4,12,24,12,61.6,59.08,60.34,96.1219754723235,97.77925091150148,0.47115384615384615,0.16233766233766234,0.22580645161290322,0.4948805460750853,,,,
401713720,2024-12-04,Hampton Pirates,200.0,27,65,22,43,5,22,21,27,80,36,11,5,8,2,11,25,18,71,82,away,0,Hampton Pirates,0,82,71,North Carolina A&T Aggies,200.0,25,55,18,36,7,19,14,25,71,37,11,15,3,4,6,31,19,70.88,75.0,72.94,112.42116808335618,97.34027968193035,0.45384615384615384,0.07054176072234764,0.2619047619047619,0.5332986472424558,106.91913959019354,108.4835042079579,64.15,0.5439102564102565
401714222,2025-01-21,Hampton Pirates,200.0,31,72,24,48,7,24,5,8,74,33,14,3,5,2,11,22,17,73,74,home,0,Hampton Pirates,0,74,73,North Carolina A&T Aggies,200.0,24,54,16,31,8,23,17,22,73,32,6,8,1,2,7,25,10,67.52,64.68,66.1,111.95158850226929,110.43872919818457,0.4791666666666667,0.04443127962085308,0.3055555555555556,0.4899364406779661,108.75314908791442,104.7690960326154,67.08,0.513888888888889
401812023,2026-01-20,Hampton Pirates,200.0,30,66,22,40,8,26,14,16,82,35,17,3,5,8,8,27,13,61,82,away,0,Hampton Pirates,0,82,61,North Carolina A&T Aggies,200.0,23,57,17,42,6,15,9,13,61,28,8,9,2,2,4,24,14,68.04,67.72,67.88,120.80141426045965,89.86446670595168,0.5151515151515151,0.04409171075837742,0.25,0.5613362541073385,109.55275894150313,106.18650432400769,66.83500000000001,0.5052083333333334
401812065,2026-02-14,Hampton Pirates,200.0,23,50,18,33,5,17,19,28,70,29,17,14,4,3,7,22,24,71,70,home,1,Hampton Pirates,0,70,71,North Carolina A&T Aggies,200.0,23,51,19,42,4,9,21,30,71,23,13,6,11,5,5,18,22,69.32,65.2,67.25999999999999,104.073743681237,105.56051144811182,0.51,0.20196191575302944,0.28,0.561617458279846,111.80249000529443,102.92209680039647,67.04400000000001,0.5071969696969697
401581730,2023-12-09,High Point Panthers,200.0,28,51,21,38,7,13,12,16,75,32,10,16,4,2,10,22,15,62,75,away,0,High Point Panthers,0,75,62,North Carolina A&T Aggies,200.0,24,50,22,44,2,6,12,16,62,19,17,11,8,3,5,14,15,64.04,63.04,63.540000000000006,118.03588290840415,97.57632987094742,0.6176470588235294,0.24984384759525294,0.4166666666666667,0.646106133700896,,,,
401600716,2024-02-10,Hofstra Pride,200.0,30,59,19,37,11,22,10,12,81,32,14,10,6,0,6,26,20,49,81,home,0,Hofstra Pride,0,81,49,North Carolina A&T Aggies,200.0,14,52,11,35,3,17,18,24,49,30,6,11,5,1,10,20,12,68.28,63.56,65.92,122.876213592233,74.33252427184466,0.6016949152542372,0.14645577035735208,0.23076923076923078,0.6300560049782202,,,,
401714303,2025-03-01,Hofstra Pride,200.0,27,59,19,35,8,24,8,11,70,41,13,11,7,7,11,30,13,49,70,away,0,Hofstra Pride,0,70,49,North Carolina A&T Aggies,200.0,15,53,8,29,7,24,12,18,49,30,11,11,5,5,10,20,11,63.84,61.92,62.88,111.32315521628497,77.92620865139949,0.5254237288135594,0.17230576441102757,0.3548387096774194,0.5482456140350876,,,,
401746239,2025-03-07,Hofstra Pride,200.0,26,63,11,27,15,36,10,17,77,38,19,4,10,2,10,28,19,55,77,away,0,Hofstra Pride,0,77,55,North Carolina A&T Aggies,200.0,16,51,11,29,5,22,18,23,55,34,6,12,3,2,7,27,14,64.48,66.12,65.30000000000001,117.91730474732005,84.22664624808574,0.5317460317460317,0.06203473945409429,0.2702702702702703,0.5462542565266743,117.099684404259,76.12936646162208,64.4,0.5635593220338984
401812025,2026-01-23,Hofstra Pride,200.0,25,61,12,28,13,33,15,20,78,25,11,6,5,1,7,18,23,79,78,home,1,Hofstra Pride,0,78,79,North Carolina A&T Aggies,200.0,23,56,16,33,7,23,26,35,79,39,8,8,2,6,13,26,20,68.8,66.4,67.6,115.3846153846154,116.8639053254438,0.5163934426229508,0.0872093023255814,0.21212121212121213,0.5587392550143266,117.37222451861267,78.82845972377663,64.7,0.5529548919379428
401827529,2025-12-10,Howard Bison,200.0,24,54,18,40,6,14,19,28,73,30,15,13,8,8,9,21,22,69,73,away,0,Howard Bison,0,73,69,North Carolina A&T Aggies,200.0,27,63,23,47,4,16,11,15,69,35,6,13,6,9,14,21,20,70.32,68.6,69.46,105.09645839331992,99.33774834437087,0.5,0.18486916951080776,0.3,0.5503618817852836,,,,
401581733,2023-12-18,Jackson State Tigers,200.0,26,66,22,48,4,18,12,17,68,33,13,14,9,3,16,17,20,60,68,away,0,Jackson State Tigers,0,68,60,North Carolina A&T Aggies,200.0,22,52,19,35,3,17,13,18,60,29,8,14,4,4,8,21,19,71.48,65.92,68.7,98.98107714701601,87.3362445414847,0.42424242424242425,0.195858981533296,0.43243243243243246,0.4627109417528579,,,,
401718712,2024-12-15,Liberty Flames,200.0,33,66,25,43,8,23,9,15,83,36,21,6,5,2,8,28,7,74,83,away,0,Liberty Flames,0,83,74,North Carolina A&T Aggies,200.0,27,67,18,45,9,22,11,12,74,33,12,9,4,5,8,25,12,70.6,73.28,71.94,115.37392271337225,102.86349735891021,0.5606060606060606,0.08498583569405099,0.24242424242424243,0.5716253443526171,,,,
401823042,2025-12-13,Maryland Eastern Shore Hawks,200.0,30,67,24,44,6,23,13,17,79,27,22,7,8,1,9,18,27,82,79,home,1,Maryland Eastern Shore Hawks,0,79,82,North Carolina A&T Aggies,200.0,22,50,15,29,7,21,31,38,82,33,14,13,3,4,8,25,19,72.48,71.72,72.1,109.57004160887658,113.73092926490986,0.4925373134328358,0.09657836644591611,0.2647058823529412,0.530343716433942,,,,
401581727,2023-11-22,Merrimack Warriors,200.0,34,61,28,42,6,19,22,29,96,40,15,9,9,6,6,34,19,73,96,away,0,Merrimack Warriors,0,96,73,North Carolina A&T Aggies,200.0,25,61,18,39,7,22,16,22,73,22,12,11,6,0,4,18,15,76.76,77.68,77.22,124.32012432012431,94.53509453509453,0.6065573770491803,0.11724856696195934,0.25,0.6507592190889371,,,,
401827531,2025-12-20,Mid-Atlantic Christian Mustangs,200.0,20,64,13,39,7,25,8,18,55,23,9,5,6,1,5,18,26,95,55,home,1,Mid-Atlantic Christian Mustangs,0,55,95,North Carolina A&T Aggies,200.0,31,54,23,34,8,20,25,40,95,48,21,11,4,7,10,38,16,71.92,72.6,72.25999999999999,76.11403265983948,131.4696927760864,0.3671875,0.06952169076751946,0.11627906976744186,0.38236929922135704,,,,
401600746,2024-02-24,Monmouth Hawks,200.0,32,69,24,42,8,27,11,17,83,38,20,7,9,5,11,27,19,67,83,away,0,Monmouth Hawks,0,83,67,North Carolina A&T Aggies,200.0,17,60,9,37,8,23,25,30,67,36,8,12,5,5,13,23,15,72.48,72.2,72.34,114.73596903511196,92.61819187171689,0.5217391304347826,0.09657836644591611,0.3235294117647059,0.5426255230125523,,,,
401714212,2025-01-17,Monmouth Hawks,200.0,25,60,23,48,2,12,20,25,72,38,12,7,3,5,11,27,19,63,72,home,0,Monmouth Hawks,0,72,63,North Carolina A&T Aggies,200.0,19,58,13,32,6,26,19,31,63,38,11,10,5,3,12,26,18,67.0,69.64,68.32,105.3864168618267,92.21311475409837,0.43333333333333335,0.1044776119402985,0.2972972972972973,0.5070422535211268,,,,
401812038,2026-01-30,Monmouth Hawks,225.0,28,65,22,45,6,20,21,25,83,25,12,7,7,5,9,16,16,81,83,away,0,Monmouth Hawks,0,83,81,North Carolina A&T Aggies,225.0,29,60,26,48,3,12,20,23,81,37,7,14,2,6,12,25,17,74.0,72.12,73.06,113.6052559540104,110.8677799069258,0.47692307692307695,0.0945945945945946,0.2647058823529412,0.5460526315789473,110.06119294846934,92.41565331290764,70.33,0.47753623188405797
401723742,2024-11-21,Morgan State Bears,200.0,35,73,32,58,3,15,10,12,83,36,16,14,9,1,10,26,24,86,83,home,1,Morgan State Bears,0,83,86,North Carolina A&T Aggies,200.0,29,59,22,39,7,20,21,35,86,32,17,14,9,5,9,23,15,82.28,79.4,80.84,102.67194458189014,106.38297872340425,0.5,0.1701507049100632,0.30303030303030304,0.5301481859989781,,,,
401813276,2025-11-19,Morgan State Bears,200.0,28,62,23,41,5,21,12,17,73,21,13,5,5,0,4,17,21,79,73,away,1,Morgan State Bears,0,73,79,North Carolina A&T Aggies,200.0,26,50,20,31,6,19,21,27,79,36,18,14,2,2,7,29,14,70.48,68.88,69.68,104.76463834672789,113.37543053960964,0.49193548387096775,0.07094211123723042,0.12121212121212122,0.5253310305123776,,,,
401577552,2023-11-07,North Carolina A&T Aggies,200.0,19,70,11,36,8,34,6,9,52,23,9,9,5,6,7,16,17,52,100,away,0,Pittsburgh Panthers,1,52,100,Pittsburgh Panthers,200.0,40,71,28,42,12,29,8,17,100,55,21,10,5,9,13,42,12,75.96,75.48,75.72,68.67406233491812,132.06550449022717,0.32857142857142857,0.1184834123222749,0.14285714285714285,0.3515413737155219,,,,
401581726,2023-11-11,North Carolina A&T Aggies,200.0,25,59,16,31,9,28,19,29,78,26,13,8,9,6,8,18,14,78,94,away,0,UNC Greensboro Spartans,1,78,94,UNC Greensboro Spartans,200.0,34,72,19,43,15,29,11,13,94,46,21,14,5,1,16,30,20,71.76,75.72,73.74000000000001,105.77705451586654,127.47491185245457,0.5,0.11148272017837234,0.21052631578947367,0.5434782608695652,,,,
401575427,2023-11-15,North Carolina A&T Aggies,200.0,17,53,9,22,8,31,9,12,51,18,11,10,4,2,4,14,13,51,80,away,0,Virginia Cavaliers,1,51,80,Virginia Cavaliers,197.0,31,56,25,44,6,12,12,16,80,41,22,8,7,10,11,30,11,64.28,60.04,62.16,82.04633204633205,128.70012870012872,0.39622641509433965,0.1555693839452396,0.11764705882352941,0.43754289636238847,87.22555842539234,129.77020817134087,74.73,0.41428571428571426
401581727,2023-11-22,North Carolina A&T Aggies,200.0,25,61,18,39,7,22,16,22,73,22,12,11,6,0,4,18,15,73,96,away,0,Merrimack Warriors,1,73,96,Merrimack Warriors,200.0,34,61,28,42,6,19,22,29,96,40,15,9,9,6,6,34,19,77.68,76.76,77.22,94.53509453509453,124.32012432012431,0.4672131147540984,0.14160659114315138,0.10526315789473684,0.5164119977362761,85.49914963237224,129.41351501427016,70.54,0.40826594788858944
401581728,2023-11-24,North Carolina A&T Aggies,200.0,19,55,11,26,8,29,27,32,73,26,12,10,6,3,7,19,17,73,88,home,0,Alabama State Hornets,1,73,88,Alabama State Hornets,200.0,34,61,27,45,7,16,13,20,88,34,16,10,6,1,10,24,23,72.08,69.8,70.94,102.90386241894561,124.04849168311249,0.41818181818181815,0.13873473917869034,0.22580645161290322,0.528372900984366,87.75813585805281,128.14016734073368,72.21000000000001,0.42300273960496665
401579102,2023-11-25,North Carolina A&T Aggies,200.0,27,61,19,40,8,21,21,32,83,27,15,12,7,3,6,21,21,83,101,away,0,Samford Bulldogs,1,83,101,Samford Bulldogs,200.0,36,67,25,42,11,25,18,21,101,33,27,12,6,3,7,26,24,81.08,81.24,81.16,102.26712666338098,124.44553967471661,0.5081967213114754,0.1480019733596448,0.1875,0.5527437400106553,90.78728117023137,127.32183220920945,71.95599999999999,0.42203855532033696
401581729,2023-12-02,North Carolina A&T Aggies,200.0,25,63,19,40,6,23,12,14,68,21,14,5,5,5,5,16,17,68,85,home,0,The Citadel Bulldogs,1,68,85,The Citadel Bulldogs,200.0,32,58,25,45,7,13,14,18,85,40,12,10,2,4,10,30,12,69.16,65.92,67.53999999999999,100.68107787977496,125.85134734971871,0.4444444444444444,0.07229612492770388,0.14285714285714285,0.4916136495083864,97.50589403592394,125.79783924610733,73.044,0.4579636138683464
401581730,2023-12-09,North Carolina A&T Aggies,200.0,24,50,22,44,2,6,12,16,62,19,17,11,8,3,5,14,15,62,75,away,0,High Point Panthers,1,62,75,High Point Panthers,200.0,28,51,21,38,7,13,12,16,75,32,10,16,4,2,10,22,15,63.04,64.04,63.540000000000006,97.57632987094742,118.03588290840415,0.5,0.17449238578680204,0.18518518518518517,0.5434782608695652,96.48669870870563,125.47312634556017,71.804,0.4468525027572352
401581731,2023-12-13,North Carolina A&T Aggies,200.0,19,66,16,45,3,21,21,27,62,40,9,9,7,3,17,23,20,62,67,home,0,North Carolina Central Eagles,1,62,67,North Carolina Central Eagles,200.0,23,51,18,32,5,19,16,31,67,36,15,12,7,4,7,29,19,69.88,69.64,69.75999999999999,88.87614678899084,96.04357798165138,0.3106060606060606,0.1287922152261019,0.3695652173913043,0.3980482794042116,99.5926982736287,123.34027718721525,72.08,0.4676072197383673
401581732,2023-12-17,North Carolina A&T Aggies,200.0,27,54,18,31,9,23,22,32,85,30,13,10,6,2,7,23,13,85,79,home,1,Texas Southern Tigers,1,85,79,Texas Southern Tigers,175.0,24,52,16,27,8,25,10,14,66,26,16,11,8,3,7,19,20,71.08,62.16,66.62,127.58931251876314,118.58300810567397,0.5833333333333334,0.14068655036578503,0.2692307692307692,0.6242655699177438,98.46090872440796,117.68496791952069,70.588,0.4362858089087597
401581733,2023-12-18,North Carolina A&T Aggies,200.0,22,52,19,35,3,17,13,18,60,29,8,14,4,4,8,21,19,60,68,away,0,Jackson State Tigers,1,60,68,Jackson State Tigers,200.0,26,66,22,48,4,18,12,17,68,33,13,14,9,3,16,17,20,65.92,71.48,68.7,87.3362445414847,98.98107714701601,0.4519230769230769,0.21237864077669902,0.32,0.5006675567423231,103.39799874437146,116.59187120403297,69.724,0.4693161119390628
401581734,2023-12-21,North Carolina A&T Aggies,200.0,32,67,20,38,12,29,9,16,85,27,12,6,7,3,7,20,14,85,82,away,1,Coastal Carolina Chanticleers,1,85,82,Coastal Carolina Chanticleers,200.0,33,64,26,39,7,25,9,16,82,38,20,11,5,3,9,29,13,73.04,73.04,73.04,116.37458926615551,112.26725082146768,0.5671641791044776,0.08214676889375684,0.19444444444444445,0.5740140464613722,100.41182231999221,111.49897869849283,67.232,0.45806138306138305
401581735,2023-12-30,North Carolina A&T Aggies,200.0,23,56,16,35,7,21,16,25,69,23,8,10,8,1,8,15,18,69,94,away,0,George Mason Patriots,1,69,94,George Mason Patriots,200.0,34,58,28,36,6,22,20,25,94,35,16,11,6,4,10,25,18,69.0,70.0,69.5,99.28057553956835,135.25179856115108,0.4732142857142857,0.14492753623188406,0.24242424242424243,0.5149253731343284,103.55052459726832,108.78215939284264,68.33200000000001,0.48260532999338973
401600619,2024-01-05,North Carolina A&T Aggies,200.0,29,61,20,36,9,25,9,11,76,33,11,10,3,3,10,23,14,76,62,home,1,Campbell Fighting Camels,1,76,62,Campbell Fighting Camels,200.0,18,53,10,30,8,23,18,19,62,21,7,10,6,4,5,16,14,65.84,66.36,66.1,114.97730711043874,93.79727685325265,0.5491803278688525,0.15188335358444713,0.38461538461538464,0.5771567436208991,103.89137373099251,112.22534252339202,69.524,0.47724818713624684
401600650,2024-01-07,North Carolina A&T Aggies,200.0,21,58,17,42,4,16,13,19,59,27,8,3,3,7,4,23,17,59,77,away,0,Elon Phoenix,1,59,77,Elon Phoenix,200.0,27,66,13,32,14,34,9,17,77,47,17,7,3,5,12,35,14,65.36,68.48,66.92,88.16497310221159,115.06276150627615,0.39655172413793105,0.04589963280293758,0.10256410256410256,0.44454490657022305,109.11160579528209,111.77608229771229,68.792,0.5249630405888053
401600654,2024-01-12,North Carolina A&T Aggies,200.0,23,60,19,44,4,16,13,19,63,25,7,6,4,4,6,19,13,63,67,home,0,Drexel Dragons,1,63,67,Drexel Dragons,200.0,29,60,27,48,2,12,7,10,67,42,10,11,2,6,11,31,18,68.36,64.4,66.38,94.9081048508587,100.93401626996084,0.4166666666666667,0.08777062609713282,0.16216216216216217,0.46079578700994733,101.22673791197178,111.07203297783272,68.852,0.4876067187497248
401600666,2024-01-16,North Carolina A&T Aggies,200.0,33,66,23,40,10,26,5,8,81,27,15,6,6,4,7,20,11,81,80,away,1,Hampton Pirates,1,81,80,Hampton Pirates,200.0,32,60,22,37,10,23,6,10,80,31,14,9,4,5,6,25,10,68.52,67.4,67.96000000000001,119.18775750441435,117.71630370806356,0.5757575757575758,0.08756567425569177,0.21875,0.582566168009206,102.74110997384658,111.46262080242168,68.38799999999999,0.48055543669844275
401600670,2024-01-19,North Carolina A&T Aggies,200.0,19,44,14,33,5,11,29,32,72,23,10,9,8,3,2,21,14,72,65,home,1,Northeastern Huskies,1,72,65,Northeastern Huskies,200.0,27,62,25,44,2,18,9,12,65,31,6,13,5,3,10,21,21,65.08,70.28,67.68,106.38297872340425,96.0401891252955,0.48863636363636365,0.13829133374308544,0.08695652173913043,0.6198347107438017,103.30374362149834,112.55243137974085,67.372,0.4822741160290624
401600679,2024-01-20,North Carolina A&T Aggies,200.0,25,56,20,39,5,17,21,32,76,31,6,10,6,3,7,24,26,76,69,home,1,William & Mary Tribe,1,76,69,William & Mary Tribe,200.0,20,57,18,35,2,22,27,38,69,38,5,13,6,4,12,26,24,73.08,74.72,73.9,102.84167794316643,93.36941813261163,0.49107142857142855,0.13683634373289547,0.21212121212121213,0.5422374429223744,104.72422425826554,104.71010949256974,67.00800000000001,0.485358531613478
401600685,2024-01-26,North Carolina A&T Aggies,200.0,22,60,13,37,9,23,18,23,71,28,9,8,7,5,6,22,16,71,90,away,0,Delaware Blue Hens,1,71,90,Delaware Blue Hens,200.0,34,67,23,42,11,25,11,17,90,38,22,8,5,2,11,27,18,72.12,71.48,71.80000000000001,98.88579387186628,125.34818941504176,0.44166666666666665,0.11092623405435385,0.18181818181818182,0.5062749572162007,102.29709842481107,104.62453774844153,68.56800000000001,0.47373675175399316
401600691,2024-01-27,North Carolina A&T Aggies,200.0,19,57,18,45,1,12,8,15,47,26,8,7,4,3,5,21,13,47,62,away,0,Drexel Dragons,1,47,62,Drexel Dragons,200.0,23,59,15,34,8,25,8,14,62,45,15,9,5,6,12,33,12,65.6,62.16,63.879999999999995,73.57545397620538,97.05698184095179,0.34210526315789475,0.10670731707317074,0.13157894736842105,0.3694968553459119,104.441262578742,106.68162333019465,69.54400000000001,0.4827597402597402
401600698,2024-02-02,North Carolina A&T Aggies,200.0,24,64,16,42,8,22,3,7,59,36,13,4,8,4,12,24,12,59,58,home,1,Hampton Pirates,1,59,58,Hampton Pirates,200.0,23,52,20,39,3,13,9,15,58,33,11,10,2,6,7,26,11,59.08,61.6,60.34,97.77925091150148,96.1219754723235,0.4375,0.06770480704129993,0.3157894736842105,0.43977340488968397,100.17473240381133,105.90621644439287,69.04400000000001,0.4678474595579859
401600705,2024-02-03,North Carolina A&T Aggies,200.0,23,59,14,33,9,26,10,13,65,33,16,9,3,2,11,22,15,65,69,home,0,Elon Phoenix,1,65,69,Elon Phoenix,200.0,23,47,14,27,9,20,14,20,69,28,16,11,8,0,5,23,16,62.72,61.8,62.26,104.40089945390298,110.8255701895278,0.4661016949152542,0.1434948979591837,0.3235294117647059,0.5021631644004945,95.89303108522877,101.58735079724484,67.52000000000001,0.44019594440647075
401600711,2024-02-09,North Carolina A&T Aggies,200.0,24,57,22,41,2,16,8,20,58,29,10,8,6,7,6,23,14,58,80,away,0,Charleston Cougars,1,58,80,Charleston Cougars,200.0,31,68,21,37,10,31,8,18,80,47,18,9,3,1,14,33,18,67.8,70.92,69.36,83.62168396770473,115.34025374855825,0.43859649122807015,0.11799410029498525,0.15384615384615385,0.4407294832826748,95.4966152313285,104.5444270100913,66.436,0.43568901066224885
401600716,2024-02-10,North Carolina A&T Aggies,200.0,14,52,11,35,3,17,18,24,49,30,6,11,5,1,10,20,12,49,81,home,0,Hofstra Pride,1,49,81,Hofstra Pride,200.0,30,59,19,37,11,22,10,12,81,32,14,10,6,0,6,26,20,63.56,68.28,65.92,74.33252427184466,122.876213592233,0.2980769230769231,0.17306482064191314,0.2777777777777778,0.3916240409207161,91.65261643623617,108.93859413328062,65.52799999999999,0.42519402319357713
401600727,2024-02-16,North Carolina A&T Aggies,200.0,19,54,17,39,2,15,14,19,54,26,3,8,6,1,10,16,13,54,73,away,0,UNC Wilmington Seahawks,1,54,73,UNC Wilmington Seahawks,200.0,26,53,20,35,6,18,15,20,73,40,11,10,4,0,13,27,18,60.36,58.8,59.58,90.6344410876133,122.5243370258476,0.37037037037037035,0.13253810470510272,0.2702702702702703,0.43296985246953174,86.74196251623184,108.44419896871887,64.352,0.39647607447562844
401600730,2024-02-17,North Carolina A&T Aggies,200.0,21,55,19,44,2,11,10,13,54,28,13,7,5,0,7,21,14,54,62,home,0,Delaware Blue Hens,1,54,62,Delaware Blue Hens,200.0,23,51,18,28,5,23,11,16,62,28,9,9,2,4,7,21,13,60.72,60.04,60.379999999999995,89.43358728055648,102.68300761841671,0.4,0.1152832674571805,0.25,0.44466403162055335,90.15375993851343,113.53767000569803,63.492000000000004,0.4021290959181236
401600741,2024-02-22,North Carolina A&T Aggies,200.0,20,58,14,34,6,24,18,26,64,29,5,8,6,2,6,23,15,64,80,away,0,Stony Brook Seawolves,1,64,80,Stony Brook Seawolves,200.0,29,61,20,35,9,26,13,19,80,40,19,7,6,3,8,32,16,71.44,68.36,69.9,91.5593705293276,114.4492131616595,0.39655172413793105,0.11198208286674133,0.15789473684210525,0.4608294930875576,88.48462721232443,114.84987643491668,63.5,0.3946290959181236
401600746,2024-02-24,North Carolina A&T Aggies,200.0,17,60,9,37,8,23,25,30,67,36,8,12,5,5,13,23,15,67,83,away,0,Monmouth Hawks,1,67,83,Monmouth Hawks,200.0,32,69,24,42,8,27,11,17,83,38,20,7,9,5,11,27,19,72.2,72.48,72.34,92.61819187171689,114.73596903511196,0.35,0.16620498614958448,0.325,0.4576502732240437,85.91632142740936,115.57460502934302,65.02799999999999,0.38071910176265894
401600755,2024-03-01,North Carolina A&T Aggies,200.0,19,57,16,39,3,18,17,26,58,18,6,7,6,1,6,12,11,58,84,home,0,Towson Tigers,1,58,84,Towson Tigers,200.0,34,65,25,42,9,23,7,13,84,46,21,15,5,4,14,32,21,69.44,71.72,70.58,82.1762538962879,119.01388495324454,0.35964912280701755,0.10080645161290323,0.15789473684210525,0.42372881355932207,87.7156230082118,115.45374808665376,65.624,0.36299980351704486
401600761,2024-03-02,North Carolina A&T Aggies,200.0,24,62,15,35,9,27,5,5,62,38,11,7,5,2,8,30,11,62,64,away,0,Campbell Fighting Camels,1,62,64,Campbell Fighting Camels,200.0,24,59,13,29,11,30,5,7,64,33,19,6,3,0,4,29,11,63.2,64.08,63.64,97.42300439974858,100.56568196103079,0.4596774193548387,0.11075949367088607,0.21621621621621623,0.48286604361370716,89.28436893310042,114.68128235885607,66.556,0.37531424346306375
401630139,2024-03-08,North Carolina A&T Aggies,200.0,26,66,23,47,3,19,7,11,62,37,8,6,2,6,11,26,19,62,79,home,0,William & Mary Tribe,1,62,79,William & Mary Tribe,200.0,27,66,16,33,11,33,14,23,79,44,12,4,4,2,14,30,12,65.84,66.12,65.98,93.96786905122764,119.73325250075779,0.4166666666666667,0.09113001215066828,0.2682926829268293,0.4376058723884811,90.6420815955275,110.2895513458927,67.36800000000001,0.39317565325995746
401731875,2024-11-05,North Carolina A&T Aggies,200.0,38,75,24,37,14,38,17,25,107,54,24,10,9,0,15,39,20,107,55,home,1,Cheyney (PA) Wolves,1,107,55,Cheyney (PA) Wolves,200.0,17,55,10,30,7,25,14,33,55,30,8,16,6,4,6,24,23,81.0,79.52,80.25999999999999,133.31672065786196,68.52728631946175,0.6,0.12345679012345678,0.38461538461538464,0.622093023255814,91.54893794966172,113.69960032236092,68.488,0.39650898659329076
401700462,2024-11-08,North Carolina A&T Aggies,200.0,22,67,11,32,11,35,9,12,64,25,11,13,10,0,4,21,22,64,80,away,0,Wake Forest Demon Deacons,1,64,80,Wake Forest Demon Deacons,200.0,27,62,21,37,6,25,20,22,80,44,15,17,7,4,10,34,15,81.28,78.68,79.98,80.02000500125031,100.02500625156287,0.41044776119402987,0.15994094488188976,0.10526315789473684,0.44272274488101826,99.9004079753686,104.51521495392137,70.55999999999999,0.43719864176570455
401718137,2024-11-13,North Carolina A&T Aggies,200.0,32,64,24,44,8,20,8,10,80,27,10,14,8,4,5,22,14,80,85,away,0,George Washington Revolutionaries,1,80,85,George Washington Revolutionaries,200.0,31,64,24,39,7,25,16,18,85,36,11,13,11,4,10,26,14,77.4,74.92,76.16,105.0420168067227,111.60714285714286,0.5625,0.1808785529715762,0.16129032258064516,0.5847953216374269,97.38077060127527,101.57302239721155,72.088,0.44928819400451053
401727487,2024-11-17,North Carolina A&T Aggies,200.0,27,58,23,47,4,11,24,30,82,25,6,2,11,5,4,21,16,82,73,away,1,The Citadel Bulldogs,1,82,73,The Citadel Bulldogs,200.0,28,62,20,36,8,26,9,17,73,41,14,16,1,0,14,27,24,69.2,71.48,70.34,116.57662780779073,103.7816320727893,0.5,0.028901734104046242,0.12903225806451613,0.5758426966292135,101.95392318336224,100.0916739779912,73.204,0.489858369443107
401723742,2024-11-21,North Carolina A&T Aggies,200.0,29,59,22,39,7,20,21,35,86,32,17,14,9,5,9,23,15,86,83,home,1,Morgan State Bears,1,86,83,Morgan State Bears,200.0,35,73,32,58,3,15,10,12,83,36,16,14,9,1,10,26,24,79.4,82.28,80.84,106.38297872340425,102.67194458189014,0.5508474576271186,0.17632241813602015,0.2571428571428571,0.5779569892473118,105.78464786497065,100.73486400034292,74.54400000000001,0.4979228855721393
401721014,2024-11-26,North Carolina A&T Aggies,200.0,28,70,17,42,11,28,14,18,81,37,15,9,9,4,8,29,22,81,82,away,0,Buffalo Bulls,1,81,82,Buffalo Bulls,200.0,26,64,18,39,8,25,22,28,82,39,17,13,3,6,9,30,13,78.92,80.32,79.62,101.73323285606631,102.98919869379553,0.4785714285714286,0.11403953370501774,0.21052631578947367,0.5197638603696099,108.26766979940598,97.32260241656938,77.516,0.5247590437642298
401722196,2024-11-29,North Carolina A&T Aggies,200.0,26,67,19,42,7,25,10,13,69,29,13,8,4,4,11,18,16,69,93,away,0,East Carolina Pirates,1,69,93,East Carolina Pirates,200.0,33,63,25,42,8,21,19,22,93,36,23,9,3,5,11,25,15,69.72,70.68,70.2,98.29059829059828,132.47863247863248,0.44029850746268656,0.11474469305794607,0.3055555555555556,0.4744224422442244,101.95097223904686,104.21498489143615,77.388,0.5004733294785154
401713720,2024-12-04,North Carolina A&T Aggies,200.0,25,55,18,36,7,19,14,25,71,37,11,15,3,4,6,31,19,71,82,away,0,Hampton Pirates,1,71,82,Hampton Pirates,200.0,27,65,22,43,5,22,21,27,80,36,11,5,8,2,11,25,18,75.0,70.88,72.94,97.34027968193035,112.42116808335618,0.5181818181818182,0.2,0.1935483870967742,0.5378787878787878,105.60509089691645,110.70571013685006,75.432,0.5064434787322467
401727420,2024-12-07,North Carolina A&T Aggies,200.0,21,56,18,33,3,23,10,13,55,29,7,10,6,7,8,21,11,55,67,home,0,UNC Greensboro Spartans,1,55,67,UNC Greensboro Spartans,200.0,20,55,8,25,12,30,15,18,67,34,11,11,7,4,8,26,17,63.72,65.92,64.82,84.85035482875656,103.36315951866708,0.4017857142857143,0.15693659761456372,0.23529411764705882,0.4455605962410888,104.064743471958,110.86851518209274,74.788,0.4975798423686104
401706907,2024-12-13,North Carolina A&T Aggies,200.0,22,58,17,40,5,18,18,28,67,28,10,13,7,3,8,20,10,67,95,away,0,Virginia Tech Hokies,1,67,95,Virginia Tech Hokies,200.0,35,70,21,34,14,36,11,16,95,44,24,15,7,5,12,32,24,75.32,80.04,77.68,86.25128733264675,122.29660144181256,0.4224137931034483,0.17259691980881572,0.2,0.47639362912400457,97.71948887615116,110.78482067126826,73.684,0.4779369852257533
401718712,2024-12-15,North Carolina A&T Aggies,200.0,27,67,18,45,9,22,11,12,74,33,12,9,4,5,8,25,12,74,83,away,0,Liberty Flames,1,74,83,Liberty Flames,200.0,33,66,25,43,8,23,9,15,83,36,21,6,5,2,8,28,7,73.28,70.6,71.94,102.86349735891021,115.37392271337225,0.4701492537313433,0.12281659388646288,0.2222222222222222,0.5118981737686774,93.69315059799965,114.70975204325278,73.052,0.4522502523210192
401724539,2024-12-18,North Carolina A&T Aggies,200.0,26,67,21,52,5,15,11,14,68,31,9,6,3,3,8,23,21,68,73,home,0,Coastal Carolina Chanticleers,1,68,73,Coastal Carolina Chanticleers,200.0,26,58,23,39,3,19,18,23,73,38,8,8,3,3,8,30,12,71.16,68.12,69.64,97.64503159103964,104.82481332567491,0.4253731343283582,0.08431703204047218,0.21052631578947367,0.46473482777474034,93.91920349856844,117.18669684716811,71.51599999999999,0.4505658173530021
401729285,2024-12-21,North Carolina A&T Aggies,200.0,27,75,23,53,4,22,9,17,67,35,7,8,5,1,16,19,13,67,95,away,0,Arkansas Razorbacks,1,67,95,Arkansas Razorbacks,200.0,37,74,31,50,6,24,15,19,95,43,26,6,4,9,13,30,16,74.48,75.36,74.92,89.42872397223705,126.80192205018686,0.38666666666666666,0.10741138560687433,0.34782608695652173,0.40615906886517944,93.79009015865671,111.6559330165766,71.404,0.44758074272613646
401727126,2024-12-28,North Carolina A&T Aggies,200.0,29,62,19,36,10,26,17,24,85,40,18,8,2,6,13,27,16,85,72,home,1,North Carolina Central Eagles,1,85,72,North Carolina Central Eagles,200.0,24,63,18,44,6,19,18,25,72,35,17,7,7,2,14,21,21,67.56,67.0,67.28,126.33769322235433,107.0154577883472,0.5483870967741935,0.11841326228537596,0.38235294117647056,0.5857221609702316,92.20777901671804,114.53208380994275,71.8,0.4212777124231062
401714187,2025-01-03,North Carolina A&T Aggies,200.0,23,64,12,38,11,26,10,16,67,32,13,6,6,2,13,19,19,67,75,home,0,Elon Phoenix,1,67,75,Elon Phoenix,200.0,23,59,16,34,7,25,22,27,75,43,12,8,2,3,18,25,12,64.04,60.88,62.46000000000001,107.26865193723982,120.0768491834774,0.4453125,0.09369144284821986,0.34210526315789475,0.47156531531531526,100.50524669543759,115.26254346387876,72.292,0.450597988920802
401714190,2025-01-04,North Carolina A&T Aggies,200.0,19,62,17,47,2,15,19,22,59,32,7,12,10,3,12,20,17,59,68,home,0,Drexel Dragons,1,59,68,Drexel Dragons,200.0,26,59,18,37,8,22,8,13,68,41,10,14,6,9,11,30,18,71.68,67.72,69.7,84.64849354375896,97.5609756097561,0.3225806451612903,0.16741071428571427,0.2857142857142857,0.41155133928571425,104.7087196163562,114.81859301221172,69.248,0.4551777303001123
401714197,2025-01-10,North Carolina A&T Aggies,200.0,32,71,26,49,6,22,18,28,88,31,17,8,6,3,7,24,17,88,98,home,0,Delaware Blue Hens,1,88,98,Delaware Blue Hens,200.0,35,63,27,44,8,19,20,25,98,40,20,14,5,4,4,36,24,84.32,84.0,84.16,104.56273764258555,116.4448669201521,0.49295774647887325,0.09487666034155598,0.16279069767441862,0.528084493518963,101.06571885332596,111.25600359148851,68.8,0.42566400858610176
401714205,2025-01-11,North Carolina A&T Aggies,200.0,29,66,19,40,10,26,10,20,78,31,9,6,10,5,7,24,15,78,81,away,0,William & Mary Tribe,1,78,81,William & Mary Tribe,200.0,28,61,17,31,11,30,14,17,81,39,19,16,5,1,7,32,18,73.8,77.48,75.64,103.12004230565839,107.08619777895294,0.5151515151515151,0.08130081300813008,0.1794871794871795,0.5213903743315508,102.44926006363514,113.58001431038394,71.704,0.43918093101620476
401714212,2025-01-17,North Carolina A&T Aggies,200.0,19,58,13,32,6,26,19,31,63,38,11,10,5,3,12,26,18,63,72,home,0,Monmouth Hawks,1,63,72,Monmouth Hawks,200.0,25,60,23,48,2,12,20,25,72,38,12,7,3,5,11,27,19,69.64,67.0,68.32,92.21311475409837,105.3864168618267,0.3793103448275862,0.14359563469270534,0.3076923076923077,0.4396984924623116,105.18752373031941,109.63686945613715,71.848,0.4648779007131744
401714222,2025-01-21,North Carolina A&T Aggies,200.0,24,54,16,31,8,23,17,22,73,32,6,8,1,2,7,25,10,73,74,home,0,Hampton Pirates,1,73,74,Hampton Pirates,200.0,31,72,24,48,7,24,5,8,74,33,14,3,5,2,11,22,17,64.68,67.52,66.1,110.43872919818457,111.95158850226929,0.5185185185185185,0.12368583797155225,0.2413793103448276,0.573178391959799,98.3626080366682,109.31106127083305,72.05600000000001,0.431062550323853
401714227,2025-01-24,North Carolina A&T Aggies,200.0,28,70,21,44,7,26,4,10,67,32,11,8,6,1,12,20,15,67,83,away,0,Towson Tigers,1,67,83,Towson Tigers,200.0,25,61,14,33,11,28,22,26,83,42,15,8,5,1,14,28,12,70.4,66.44,68.42,97.92458345513008,121.30955860859399,0.45,0.11363636363636363,0.3,0.45026881720430106,98.99662348885717,107.68600913459143,72.78399999999999,0.44570375402755663
401714234,2025-01-25,North Carolina A&T Aggies,200.0,25,64,20,41,5,23,19,26,74,27,7,5,3,3,10,17,20,74,89,away,0,Stony Brook Seawolves,1,74,89,Stony Brook Seawolves,200.0,31,59,23,40,8,19,19,26,89,37,17,9,2,2,12,25,17,70.44,67.44,68.94,107.3397156948071,129.0977661734842,0.4296875,0.0709823963657013,0.2857142857142857,0.49045599151643693,101.65184147113139,112.435725734359,72.52799999999999,0.47118762499529865
401714243,2025-01-31,North Carolina A&T Aggies,200.0,20,46,13,23,7,23,12,18,59,18,14,12,5,3,1,17,10,59,83,home,0,UNC Wilmington Seahawks,1,59,83,UNC Wilmington Seahawks,200.0,33,63,24,43,9,20,8,8,83,34,23,9,7,2,11,23,14,64.92,64.52,64.72,91.1619283065513,128.24474660074165,0.5108695652173914,0.18484288354898337,0.041666666666666664,0.547106824925816,102.2072370815757,114.96630558502542,69.48400000000001,0.45853357569952397
401714254,2025-02-06,North Carolina A&T Aggies,200.0,23,55,15,30,8,25,9,16,63,34,12,12,7,1,9,25,12,63,66,away,0,Charleston Cougars,1,63,66,Charleston Cougars,200.0,25,55,18,32,7,23,9,13,66,31,15,10,8,2,6,25,16,65.04,64.72,64.88,97.10234278668311,101.72626387176327,0.4909090909090909,0.18450184501845016,0.2647058823529412,0.5077369439071567,99.81561428175428,119.19801534938316,67.3,0.4576771857126992
401714261,2025-02-11,North Carolina A&T Aggies,200.0,24,52,23,38,1,14,13,16,62,30,12,11,6,2,7,23,16,62,66,away,0,Campbell Fighting Camels,1,62,66,Campbell Fighting Camels,200.0,25,51,20,31,5,20,11,19,66,26,16,8,6,5,6,20,15,63.04,61.36,62.2,99.67845659163986,106.10932475884245,0.47115384615384615,0.17449238578680204,0.25925925925925924,0.5250677506775068,100.79345988827124,118.46598475137048,66.612,0.47999693492900014
401714268,2025-02-14,North Carolina A&T Aggies,200.0,24,57,20,42,4,15,8,12,60,26,9,9,11,1,7,19,10,60,59,away,1,Elon Phoenix,1,60,59,Elon Phoenix,200.0,23,53,16,35,7,18,6,8,59,30,6,15,6,7,9,21,12,64.28,62.52,63.400000000000006,94.6372239747634,93.05993690851734,0.45614035087719296,0.14001244555071563,0.25,0.4816955684007707,98.64140536696229,117.2975320026851,65.83200000000001,0.4705240004560657
401714277,2025-02-15,North Carolina A&T Aggies,200.0,22,53,18,35,4,18,11,19,59,35,14,13,7,1,9,26,15,59,69,home,0,Charleston Cougars,1,59,69,Charleston Cougars,200.0,23,52,14,26,9,26,14,23,69,27,20,10,7,2,5,22,16,65.36,67.12,66.24000000000001,89.07004830917873,104.16666666666666,0.4528301886792453,0.1988984088127295,0.2903225806451613,0.4807692307692308,97.98393347088896,111.64760766266977,64.828,0.47175207063150426
401714282,2025-02-21,North Carolina A&T Aggies,200.0,20,49,14,31,6,18,7,9,53,29,7,18,10,4,7,22,14,53,50,home,1,Campbell Fighting Camels,1,53,50,Campbell Fighting Camels,200.0,20,51,17,31,3,20,7,12,50,28,11,14,7,4,7,21,15,63.96,63.28,63.620000000000005,83.30713612071675,78.59163784973279,0.46938775510204084,0.28142589118198874,0.25,0.5003776435045317,94.32999999376328,106.66138776130629,64.288,0.47638060836735335
401714286,2025-02-22,North Carolina A&T Aggies,200.0,26,58,19,35,7,23,14,20,73,38,11,8,3,2,11,27,14,73,72,home,1,Stony Brook Seawolves,1,73,72,Stony Brook Seawolves,200.0,20,53,8,25,12,28,20,22,72,24,14,8,6,3,4,20,18,63.8,66.68,65.24000000000001,111.89454322501531,110.3617412630288,0.5086206896551724,0.12539184952978058,0.3548387096774194,0.5464071856287426,92.75904155659637,96.7307660111045,64.06800000000001,0.46808424634428325
401714296,2025-02-28,North Carolina A&T Aggies,200.0,23,54,17,37,6,17,3,4,55,36,11,15,3,2,9,27,8,55,69,away,0,Northeastern Huskies,1,55,69,Northeastern Huskies,200.0,26,62,14,36,12,26,5,6,69,25,20,3,9,4,8,17,10,61.76,59.64,60.7,90.60955518945633,113.67380560131795,0.48148148148148145,0.24287564766839378,0.34615384615384615,0.49318507890961266,95.7174816442628,98.45786148935761,64.14000000000001,0.47162656609349957
401714303,2025-03-01,North Carolina A&T Aggies,200.0,15,53,8,29,7,24,12,18,49,30,11,11,5,5,10,20,11,49,70,away,0,Hofstra Pride,1,49,70,Hofstra Pride,200.0,27,59,19,35,8,24,8,11,70,41,13,11,7,7,11,30,13,61.92,63.84,62.88,77.92620865139949,111.32315521628497,0.3490566037735849,0.1776485788113695,0.25,0.402166776099803,93.90370136382612,99.97075765785272,63.84000000000001,0.4736920931590266
401746239,2025-03-07,North Carolina A&T Aggies,200.0,16,51,11,29,5,22,18,23,55,34,6,12,3,2,7,27,14,55,77,away,0,Hofstra Pride,1,55,77,Hofstra Pride,200.0,26,63,11,27,15,36,10,17,77,38,19,4,10,2,10,28,19,66.12,64.48,65.30000000000001,84.22664624808574,117.91730474732005,0.3627450980392157,0.18148820326678763,0.2,0.449934554973822,90.56149829915333,103.62340131940623,63.736000000000004,0.45227534373830497
401827525,2025-11-05,North Carolina A&T Aggies,200.0,26,60,22,49,4,11,16,22,72,28,12,11,9,3,7,21,17,72,91,away,0,South Carolina Gamecocks,1,72,91,South Carolina Gamecocks,200.0,31,63,17,31,14,32,15,21,91,37,24,12,5,2,8,29,19,73.68,76.24,74.96000000000001,96.05122732123799,121.39807897545356,0.4666666666666667,0.14929424538545058,0.19444444444444445,0.5166475315729047,89.59281788693472,106.37352893553691,63.548,0.4342583256102991
401827526,2025-11-11,North Carolina A&T Aggies,200.0,28,62,23,42,5,20,24,33,85,39,15,17,14,5,14,25,22,85,62,home,1,South Carolina State Bulldogs,1,85,62,South Carolina State Bulldogs,200.0,21,55,15,40,6,15,14,28,62,35,12,24,9,4,10,25,26,79.52,81.32,80.41999999999999,105.69510072121363,77.09524993782642,0.49193548387096775,0.2137826961770624,0.358974358974359,0.5554103502352327,92.14163612703896,114.93481716068106,65.816,0.4337141079232242
401827527,2025-11-14,North Carolina A&T Aggies,200.0,28,56,25,43,3,13,30,54,89,37,14,13,12,5,14,23,21,89,83,home,1,Washington Adventist Shock,1,89,83,Washington Adventist Shock,200.0,28,63,19,41,9,22,18,22,83,32,10,16,9,0,9,23,36,78.76,79.68,79.22,112.34536733148195,104.77152234284273,0.5267857142857143,0.16505840528186896,0.3783783783783784,0.5579237713139418,90.90174762627863,108.2815188956406,68.852,0.43037706676638326
401813276,2025-11-19,North Carolina A&T Aggies,200.0,26,50,20,31,6,19,21,27,79,36,18,14,2,2,7,29,14,79,73,away,1,Morgan State Bears,1,79,73,Morgan State Bears,200.0,28,62,23,41,5,21,12,17,73,21,13,5,5,0,4,17,21,68.88,70.48,69.68,113.37543053960964,104.76463834672789,0.58,0.20325203252032523,0.2916666666666667,0.6383322559793148,95.24891005468376,106.50106224394554,72.556,0.43943791332722987
401827733,2025-11-28,North Carolina A&T Aggies,200.0,24,47,16,30,8,17,18,30,74,27,8,10,5,4,5,22,26,74,90,away,0,Davidson Wildcats,1,74,90,Davidson Wildcats,200.0,31,55,23,38,8,17,20,35,90,33,16,6,6,3,9,24,22,65.2,67.4,66.30000000000001,111.61387631975866,135.7466063348416,0.5957446808510638,0.15337423312883436,0.1724137931034483,0.6146179401993355,102.3387544323258,105.18935887003413,73.91600000000001,0.4856265925725129
401820801,2025-12-03,North Carolina A&T Aggies,200.0,17,47,13,29,4,18,19,29,57,23,6,11,7,1,6,17,16,57,74,away,0,Charlotte 49ers,1,57,74,Charlotte 49ers,200.0,26,50,17,28,9,22,13,19,74,28,15,11,7,3,8,20,25,64.76,61.36,63.06,90.39010466222645,117.34855692990803,0.40425531914893614,0.169857936998147,0.23076923076923078,0.47690763052208834,107.81620044666037,108.75521918753843,74.11600000000001,0.5322265091348826
401827528,2025-12-06,North Carolina A&T Aggies,200.0,20,47,16,31,4,16,25,35,69,47,11,18,5,3,11,36,20,69,54,away,1,North Carolina Central Eagles,1,69,54,North Carolina Central Eagles,200.0,15,56,13,38,2,18,22,30,54,29,8,11,13,6,8,21,24,69.4,72.2,70.80000000000001,97.45762711864406,76.27118644067795,0.46808510638297873,0.25936599423631124,0.34375,0.5528846153846154,106.68397591485807,107.94531477842933,71.73599999999999,0.5197442396313364
401827529,2025-12-10,North Carolina A&T Aggies,200.0,27,63,23,47,4,16,11,15,69,35,6,13,6,9,14,21,20,69,73,away,0,Howard Bison,1,69,73,Howard Bison,200.0,24,54,18,40,6,14,19,28,73,30,15,13,8,8,9,21,22,68.6,70.32,69.46,99.33774834437087,105.09645839331992,0.4603174603174603,0.18950437317784258,0.4,0.4956896551724138,105.03648119434415,107.78050207899965,69.81200000000001,0.5149741641337386
401823042,2025-12-13,North Carolina A&T Aggies,200.0,22,50,15,29,7,21,31,38,82,33,14,13,3,4,8,25,19,82,79,home,1,Maryland Eastern Shore Hawks,1,82,79,Maryland Eastern Shore Hawks,200.0,30,67,24,44,6,23,13,17,79,27,22,7,8,1,9,18,27,71.72,72.48,72.1,113.73092926490986,109.57004160887658,0.51,0.18126045733407697,0.3076923076923077,0.6145083932853718,102.43495739692193,107.84548928909507,67.86,0.5016805133400878
401827530,2025-12-17,North Carolina A&T Aggies,200.0,24,64,16,36,8,28,15,18,71,45,14,10,2,5,15,30,16,71,65,away,1,UNC Greensboro Spartans,1,71,65,UNC Greensboro Spartans,200.0,23,63,14,35,9,28,10,19,65,34,11,6,5,1,12,22,18,66.92,65.36,66.14,107.34804959177502,98.2763834290898,0.4375,0.14943215780035862,0.40540540540540543,0.4936040044493882,102.50605714198198,108.80656994152483,68.344,0.4876805133400878
401827531,2025-12-20,North Carolina A&T Aggies,200.0,31,54,23,34,8,20,25,40,95,48,21,11,4,7,10,38,16,95,55,home,1,Mid-Atlantic Christian Mustangs,1,95,55,Mid-Atlantic Christian Mustangs,200.0,20,64,13,39,7,25,8,18,55,23,9,5,6,1,5,18,26,72.6,71.92,72.25999999999999,131.4696927760864,76.11403265983948,0.6481481481481481,0.15151515151515152,0.35714285714285715,0.6634078212290503,101.65289179638526,101.31252536037445,68.31199999999998,0.456031577169875
401811988,2025-12-30,North Carolina A&T Aggies,200.0,27,61,20,39,7,22,17,24,78,28,11,8,7,3,3,25,22,78,87,home,0,UNC Wilmington Seahawks,1,78,87,UNC Wilmington Seahawks,200.0,25,57,15,33,10,24,27,35,87,35,15,11,4,5,8,27,21,76.56,75.4,75.98,102.65859436693867,114.50381679389312,0.5,0.1044932079414838,0.1,0.5449972051425377,109.86880941915724,93.06562050636076,70.152,0.5048101429697175
401811989,2025-12-31,North Carolina A&T Aggies,200.0,23,50,18,32,5,18,23,32,74,28,15,11,3,3,11,17,21,74,85,home,0,Northeastern Huskies,1,74,85,Northeastern Huskies,200.0,30,56,22,39,8,17,17,27,85,18,17,7,5,2,5,13,22,64.08,69.88,66.97999999999999,110.4807405195581,126.90355329949242,0.51,0.17166042446941324,0.4583333333333333,0.5774032459425718,110.90900286881617,100.71214657700378,71.18799999999999,0.5111931216931217
401812000,2026-01-03,North Carolina A&T Aggies,200.0,28,68,21,52,7,16,17,19,80,40,14,11,6,4,17,23,15,80,81,away,0,Stony Brook Seawolves,1,80,81,Stony Brook Seawolves,200.0,29,58,17,33,12,25,11,14,81,19,20,8,6,7,5,14,17,70.36,67.16,68.75999999999999,116.34671320535197,117.80104712041886,0.4632352941176471,0.1563388288800455,0.5483870967741935,0.5238344683080147,113.1376013038536,105.07356555823829,70.692,0.5211296296296296
401812005,2026-01-09,North Carolina A&T Aggies,200.0,25,64,18,34,7,30,7,9,64,40,15,13,4,7,12,28,18,64,69,home,0,Elon Phoenix,1,64,69,Elon Phoenix,200.0,24,60,16,37,8,23,13,22,69,31,18,9,8,1,9,22,9,68.96,69.68,69.32,92.32544720138489,99.5383727639931,0.4453125,0.18851508120649654,0.35294117647058826,0.4708652148322543,113.66075809194203,106.71976666054672,70.024,0.511776688453159
401812015,2026-01-16,North Carolina A&T Aggies,200.0,32,54,24,36,8,18,17,23,89,30,12,17,4,2,6,24,23,89,97,away,0,William & Mary Tribe,1,89,97,William & Mary Tribe,200.0,33,57,24,41,9,16,22,31,97,25,28,9,8,4,6,19,21,75.12,73.64,74.38,119.65582145738102,130.41140091422426,0.6666666666666666,0.2263045793397231,0.24,0.6940112289457268,110.65623761386401,106.97216452752738,70.66,0.5133391884531591
401812023,2026-01-20,North Carolina A&T Aggies,200.0,23,57,17,42,6,15,9,13,61,28,8,9,2,2,4,24,14,61,82,away,0,Hampton Pirates,1,61,82,Hampton Pirates,200.0,30,66,22,40,8,26,14,16,82,35,17,3,5,8,8,27,13,67.72,68.04,67.88,89.86446670595168,120.80141426045965,0.45614035087719296,0.13290017720023628,0.12903225806451613,0.48628826530612246,108.29346335012292,117.83163817840435,71.08399999999999,0.5170428921568627
401812025,2026-01-23,North Carolina A&T Aggies,200.0,23,56,16,33,7,23,26,35,79,39,8,8,2,6,13,26,20,79,78,home,1,Hofstra Pride,1,79,78,Hofstra Pride,200.0,25,61,12,28,13,33,15,20,78,25,11,6,5,1,7,18,23,66.4,68.8,67.6,116.8639053254438,115.3846153846154,0.4732142857142857,0.12048192771084336,0.41935483870967744,0.5532212885154061,105.73463781792552,119.09115767171765,69.464,0.5082709623323013
401812033,2026-01-24,North Carolina A&T Aggies,200.0,25,47,18,27,7,20,23,33,80,30,11,13,4,3,6,24,20,80,73,home,1,Towson Tigers,1,80,73,Towson Tigers,200.0,24,56,19,34,5,22,20,29,73,29,11,11,8,1,8,21,23,68.52,71.76,70.14,114.0575990875392,104.07755916737953,0.6063829787234043,0.18972562755399885,0.2222222222222222,0.6501950585175553,107.01127077910266,116.78737008874225,69.588,0.5009138194751585
401812038,2026-01-30,North Carolina A&T Aggies,225.0,29,60,26,48,3,12,20,23,81,37,7,14,2,6,12,25,17,81,83,away,0,Monmouth Hawks,1,81,83,Monmouth Hawks,225.0,28,65,22,45,6,20,21,25,83,25,12,7,7,5,9,16,16,72.12,74.0,73.06,110.8677799069258,113.6052559540104,0.5083333333333333,0.19412090959511924,0.42857142857142855,0.5775812892184826,106.55344795554011,114.04267249813441,69.86399999999999,0.5295433563963099
401812045,2026-01-31,North Carolina A&T Aggies,200.0,21,53,16,32,5,21,13,15,60,30,9,9,8,3,5,25,10,60,61,away,0,Drexel Dragons,1,60,61,Drexel Dragons,200.0,26,61,17,38,9,23,0,2,61,32,15,10,3,2,8,24,15,63.6,63.88,63.74,94.13241292751803,95.70128647631002,0.44339622641509435,0.14150943396226415,0.1724137931034483,0.5033557046979865,110.2619144966483,116.85604913613784,70.612,0.5421475230629766
401812049,2026-02-06,North Carolina A&T Aggies,200.0,20,54,13,31,7,23,15,18,62,33,9,16,7,4,9,24,11,62,78,away,0,Charleston Cougars,1,62,78,Charleston Cougars,200.0,31,59,25,38,6,21,10,14,78,27,13,13,11,4,6,21,15,68.92,72.16,70.53999999999999,87.89339381910973,110.57555996597677,0.4351851851851852,0.2321532211259431,0.3,0.5006459948320413,105.15723279067569,109.914026248555,68.484,0.49749343501266213
401812058,2026-02-07,North Carolina A&T Aggies,200.0,28,61,25,51,3,10,12,21,71,31,14,9,10,2,10,21,23,71,79,home,0,Campbell Fighting Camels,1,71,79,Campbell Fighting Camels,200.0,26,55,18,37,8,18,19,26,79,34,13,12,4,2,7,27,16,69.24,71.44,70.34,100.93829968723342,112.31162922945693,0.48360655737704916,0.12998266897746968,0.2702702702702703,0.5054100227790433,104.7630182133073,107.86885538965842,69.01599999999999,0.49330240187426055
401812065,2026-02-14,North Carolina A&T Aggies,200.0,23,51,19,42,4,9,21,30,71,23,13,6,11,5,5,18,22,71,70,home,1,Hampton Pirates,1,71,70,Hampton Pirates,200.0,23,50,18,33,5,17,19,28,70,29,17,14,4,3,7,22,24,65.2,69.32,67.25999999999999,105.56051144811182,104.073743681237,0.49019607843137253,0.09202453987730061,0.18518518518518517,0.5529595015576324,101.57789708566524,107.25425815862673,69.56400000000001,0.49538085620681327
401812071,2026-02-20,North Carolina A&T Aggies,200.0,22,54,15,30,7,24,10,15,61,28,12,12,3,5,7,21,13,61,74,home,0,Charleston Cougars,1,61,74,Charleston Cougars,200.0,27,61,17,35,10,26,10,14,74,35,19,7,7,4,11,24,14,65.6,63.16,64.38,94.74992233612925,114.9425287356322,0.4722222222222222,0.1829268292682927,0.22580645161290322,0.5033003300330033,99.87847955777976,107.25349506139824,68.98800000000001,0.4721434761484069
401812077,2026-02-22,North Carolina A&T Aggies,200.0,38,57,30,42,8,15,18,21,102,31,12,10,4,1,8,23,16,102,82,away,1,Elon Phoenix,1,102,82,Elon Phoenix,200.0,28,66,17,35,11,31,15,20,82,26,13,8,5,2,16,10,17,68.24,66.8,67.52,151.06635071090048,121.44549763033177,0.7368421052631579,0.14654161781946073,0.4444444444444444,0.7699275362318841,96.65490804362045,107.5209496177226,67.252,0.4649212539261846
401812084,2026-02-27,North Carolina A&T Aggies,200.0,24,54,18,30,6,24,11,16,65,26,6,9,0,3,5,21,13,65,88,away,0,UNC Wilmington Seahawks,1,65,88,UNC Wilmington Seahawks,200.0,33,69,21,42,12,27,10,14,88,40,18,4,5,2,14,26,17,65.04,65.16,65.1,99.84639016897083,135.17665130568358,0.5,0.13837638376383762,0.16129032258064516,0.5324377457404981,108.04169560029693,112.66979184852694,68.00800000000001,0.5236104296957974
401812091,2026-02-28,North Carolina A&T Aggies,200.0,35,55,29,38,6,17,12,17,88,31,21,14,2,3,4,27,20,88,91,home,0,William & Mary Tribe,1,88,91,William & Mary Tribe,200.0,32,64,25,35,7,29,20,28,91,19,17,5,11,0,7,12,15,72.48,74.32,73.4,119.89100817438691,123.97820163487738,0.6909090909090909,0.19315673289183222,0.25,0.704225352112676,110.43229487026915,117.59001011646828,66.91999999999999,0.5365733926587604
401812098,2026-03-04,North Carolina A&T Aggies,200.0,28,60,23,45,5,15,11,21,72,26,14,13,6,1,10,16,16,72,90,away,0,Campbell Fighting Camels,1,72,90,Campbell Fighting Camels,200.0,32,58,22,35,10,23,16,22,90,32,21,13,5,4,10,22,18,72.24,70.68,71.46000000000001,100.75566750629721,125.94458438287153,0.5083333333333333,0.1799557032115172,0.3125,0.5199306759098787,114.22283656769987,119.9233245975524,67.53200000000001,0.5780338993651687
401856422,2026-03-06,North Carolina A&T Aggies,200.0,23,56,20,44,3,12,23,28,72,30,8,12,6,6,9,21,18,72,88,home,0,Northeastern Huskies,1,72,88,Northeastern Huskies,200.0,31,62,21,39,10,23,16,23,88,31,17,10,11,3,10,21,21,71.32,72.12,71.72,100.3904071388734,122.69938650306749,0.4375,0.1682557487380819,0.3,0.5269320843091335,113.26186777933694,124.2974927378793,68.37199999999999,0.5816613503455608
401581731,2023-12-13,North Carolina Central Eagles,200.0,23,51,18,32,5,19,16,31,67,36,15,12,7,4,7,29,19,62,67,home,0,North Carolina Central Eagles,0,67,62,North Carolina A&T Aggies,200.0,19,66,16,45,3,21,21,27,62,40,9,9,7,3,17,23,20,69.64,69.88,69.75999999999999,96.04357798165138,88.87614678899084,0.5,0.1723147616312464,0.23333333333333334,0.5182549504950495,,,,
401727126,2024-12-28,North Carolina Central Eagles,200.0,24,63,18,44,6,19,18,25,72,35,17,7,7,2,14,21,21,85,72,home,1,North Carolina Central Eagles,0,72,85,North Carolina A&T Aggies,200.0,29,62,19,36,10,26,17,24,85,40,18,8,2,6,13,27,16,67.0,67.56,67.28,107.0154577883472,126.33769322235433,0.42857142857142855,0.1044776119402985,0.34146341463414637,0.4864864864864865,,,,
401827528,2025-12-06,North Carolina Central Eagles,200.0,15,56,13,38,2,18,22,30,54,29,8,11,13,6,8,21,24,69,54,away,1,North Carolina Central Eagles,0,54,69,North Carolina A&T Aggies,200.0,20,47,16,31,4,16,25,35,69,47,11,18,5,3,11,36,20,72.2,69.4,70.80000000000001,76.27118644067795,97.45762711864406,0.2857142857142857,0.1523545706371191,0.18181818181818182,0.3901734104046243,101.5295178849993,107.60692000567258,68.52,0.4642857142857143
401600670,2024-01-19,Northeastern Huskies,200.0,27,62,25,44,2,18,9,12,65,31,6,13,5,3,10,21,21,72,65,home,1,Northeastern Huskies,0,65,72,North Carolina A&T Aggies,200.0,19,44,14,33,5,11,29,32,72,23,10,9,8,3,2,21,14,70.28,65.08,67.68,96.0401891252955,106.38297872340425,0.45161290322580644,0.18497438816163916,0.3225806451612903,0.48305588585017833,,,,
401714296,2025-02-28,Northeastern Huskies,200.0,26,62,14,36,12,26,5,6,69,25,20,3,9,4,8,17,10,55,69,away,0,Northeastern Huskies,0,69,55,North Carolina A&T Aggies,200.0,23,54,17,37,6,17,3,4,55,36,11,15,3,2,9,27,8,59.64,61.76,60.7,113.67380560131795,90.60955518945633,0.5161290322580645,0.05030181086519114,0.22857142857142856,0.5337252475247525,,,,
401811989,2025-12-31,Northeastern Huskies,200.0,30,56,22,39,8,17,17,27,85,18,17,7,5,2,5,13,22,74,85,home,0,Northeastern Huskies,0,85,74,North Carolina A&T Aggies,200.0,23,50,18,32,5,18,23,32,74,28,15,11,3,3,11,17,21,69.88,64.08,66.97999999999999,126.90355329949242,110.4807405195581,0.6071428571428571,0.10017172295363481,0.22727272727272727,0.6261048909840896,104.85699736330673,98.49626695643029,64.19,0.4838709677419355
401856422,2026-03-06,Northeastern Huskies,200.0,31,62,21,39,10,23,16,23,88,31,17,10,11,3,10,21,21,72,88,home,0,Northeastern Huskies,0,88,72,North Carolina A&T Aggies,200.0,23,56,20,44,3,12,23,28,72,30,8,12,6,6,9,21,18,72.12,71.32,71.72,122.69938650306749,100.3904071388734,0.5806451612903226,0.1386577925679423,0.3225806451612903,0.6100942872989462,112.20584934203528,102.49109147747289,65.12,0.5249615975422427
401577552,2023-11-07,Pittsburgh Panthers,200.0,40,71,28,42,12,29,8,17,100,55,21,10,5,9,13,42,12,52,100,away,0,Pittsburgh Panthers,0,100,52,North Carolina A&T Aggies,200.0,19,70,11,36,8,34,6,9,52,23,9,9,5,6,7,16,17,75.48,75.96,75.72,132.06550449022717,68.67406233491812,0.647887323943662,0.13248542660307366,0.4482758620689655,0.63710499490316,,,,
401579102,2023-11-25,Samford Bulldogs,200.0,36,67,25,42,11,25,18,21,101,33,27,12,6,3,7,26,24,83,101,away,0,Samford Bulldogs,0,101,83,North Carolina A&T Aggies,200.0,27,61,19,40,8,21,21,32,83,27,15,12,7,3,6,21,21,81.24,81.08,81.16,124.44553967471661,102.26712666338098,0.6194029850746269,0.14771048744460857,0.25,0.6623819517313746,,,,
401827525,2025-11-05,South Carolina Gamecocks,200.0,31,63,17,31,14,32,15,21,91,37,24,12,5,2,8,29,19,72,91,away,0,South Carolina Gamecocks,0,91,72,North Carolina A&T Aggies,200.0,26,60,22,49,4,11,16,22,72,28,12,11,9,3,7,21,17,76.24,73.68,74.96000000000001,121.39807897545356,96.05122732123799,0.6031746031746031,0.15739769150052466,0.27586206896551724,0.6298449612403101,,,,
401827526,2025-11-11,South Carolina State Bulldogs,200.0,21,55,15,40,6,15,14,28,62,35,12,24,9,4,10,25,26,85,62,home,1,South Carolina State Bulldogs,0,62,85,North Carolina A&T Aggies,200.0,28,62,23,42,5,20,24,33,85,39,15,17,14,5,14,25,22,81.32,79.52,80.41999999999999,77.09524993782642,105.69510072121363,0.43636363636363634,0.29513034923757997,0.2857142857142857,0.4604872251931076,,,,
401600741,2024-02-22,Stony Brook Seawolves,200.0,29,61,20,35,9,26,13,19,80,40,19,7,6,3,8,32,16,64,80,away,0,Stony Brook Seawolves,0,80,64,North Carolina A&T Aggies,200.0,20,58,14,34,6,24,18,26,64,29,5,8,6,2,6,23,15,68.36,71.44,69.9,114.4492131616595,91.5593705293276,0.5491803278688525,0.1023990637799883,0.25806451612903225,0.5767012687427913,,,,
401714234,2025-01-25,Stony Brook Seawolves,200.0,31,59,23,40,8,19,19,26,89,37,17,9,2,2,12,25,17,74,89,away,0,Stony Brook Seawolves,0,89,74,North Carolina A&T Aggies,200.0,25,64,20,41,5,23,19,26,74,27,7,5,3,3,10,17,20,67.44,70.44,68.94,129.0977661734842,107.3397156948071,0.5932203389830508,0.13345195729537368,0.41379310344827586,0.6317433276547416,,,,
401714286,2025-02-22,Stony Brook Seawolves,200.0,20,53,8,25,12,28,20,22,72,24,14,8,6,3,4,20,18,73,72,home,1,Stony Brook Seawolves,0,72,73,North Carolina A&T Aggies,200.0,26,58,19,35,7,23,14,20,73,38,11,8,3,2,11,27,14,66.68,63.8,65.24000000000001,110.3617412630288,111.89454322501531,0.49056603773584906,0.11997600479904018,0.12903225806451613,0.574345883854499,121.77348966757185,99.44954311206735,69.42,0.5712003334259517
401812000,2026-01-03,Stony Brook Seawolves,200.0,29,58,17,33,12,25,11,14,81,19,20,8,6,7,5,14,17,80,81,away,0,Stony Brook Seawolves,0,81,80,North Carolina A&T Aggies,200.0,28,68,21,52,7,16,17,19,80,40,14,11,6,4,17,23,15,67.16,70.36,68.75999999999999,117.80104712041886,116.34671320535197,0.603448275862069,0.11911852293031568,0.17857142857142858,0.6312344139650873,117.96957353272416,103.59787648305,68.02666666666667,0.5443222348625841
401581732,2023-12-17,Texas Southern Tigers,175.0,24,52,16,27,8,25,10,14,66,26,16,11,8,3,7,19,20,85,79,home,1,Texas Southern Tigers,0,79,85,North Carolina A&T Aggies,200.0,27,54,18,31,9,23,22,32,85,30,13,10,6,2,7,23,13,62.16,71.08,66.62,118.58300810567397,127.58931251876314,0.5384615384615384,0.17696267696267698,0.23333333333333334,0.6791609353507566,,,,
401581729,2023-12-02,The Citadel Bulldogs,200.0,32,58,25,45,7,13,14,18,85,40,12,10,2,4,10,30,12,68,85,home,0,The Citadel Bulldogs,0,85,68,North Carolina A&T Aggies,200.0,25,63,19,40,6,23,12,14,68,21,14,5,5,5,5,16,17,65.92,69.16,67.53999999999999,125.85134734971871,100.68107787977496,0.6120689655172413,0.15169902912621358,0.38461538461538464,0.6447208737864077,,,,
401727487,2024-11-17,The Citadel Bulldogs,200.0,28,62,20,36,8,26,9,17,73,41,14,16,1,0,14,27,24,82,73,away,1,The Citadel Bulldogs,0,73,82,North Carolina A&T Aggies,200.0,27,58,23,47,4,11,24,30,82,25,6,2,11,5,4,21,16,71.48,69.2,70.34,103.7816320727893,116.57662780779073,0.5161290322580645,0.2238388360380526,0.4,0.5253310305123776,,,,
401600755,2024-03-01,Towson Tigers,200.0,34,65,25,42,9,23,7,13,84,46,21,15,5,4,14,32,21,58,84,home,0,Towson Tigers,0,84,58,North Carolina A&T Aggies,200.0,19,57,16,39,3,18,17,26,58,18,6,7,6,1,6,12,11,71.72,69.44,70.58,119.01388495324454,82.1762538962879,0.5923076923076923,0.2091466815393196,0.5384615384615384,0.5938914027149321,,,,
401714227,2025-01-24,Towson Tigers,200.0,25,61,14,33,11,28,22,26,83,42,15,8,5,1,14,28,12,67,83,away,0,Towson Tigers,0,83,67,North Carolina A&T Aggies,200.0,28,70,21,44,7,26,4,10,67,32,11,8,6,1,12,20,15,66.44,70.4,68.42,121.30955860859399,97.92458345513008,0.5,0.12040939193257075,0.4117647058823529,0.5728879072335726,,,,
401812033,2026-01-24,Towson Tigers,200.0,24,56,19,34,5,22,20,29,73,29,11,11,8,1,8,21,23,80,73,home,1,Towson Tigers,0,73,80,North Carolina A&T Aggies,200.0,25,47,18,27,7,20,23,33,80,30,11,13,4,3,6,24,20,71.76,68.52,70.14,104.07755916737953,114.0575990875392,0.4732142857142857,0.15328874024526198,0.25,0.5308318789994182,120.16172178091927,90.05041867570898,69.5,0.5461538461538462
401581726,2023-11-11,UNC Greensboro Spartans,200.0,34,72,19,43,15,29,11,13,94,46,21,14,5,1,16,30,20,78,94,away,0,UNC Greensboro Spartans,0,94,78,North Carolina A&T Aggies,200.0,25,59,16,31,9,28,19,29,78,26,13,8,9,6,8,18,14,75.72,71.76,73.74000000000001,127.47491185245457,105.77705451586654,0.5763888888888888,0.184891706286318,0.47058823529411764,0.6047349459598559,,,,
401727420,2024-12-07,UNC Greensboro Spartans,200.0,20,55,8,25,12,30,15,18,67,34,11,11,7,4,8,26,17,55,67,home,0,UNC Greensboro Spartans,0,67,55,North Carolina A&T Aggies,200.0,21,56,18,33,3,23,10,13,55,29,7,10,6,7,8,21,11,65.92,63.72,64.82,103.36315951866708,84.85035482875656,0.4727272727272727,0.16686893203883496,0.27586206896551724,0.5324221233312142,,,,
401827530,2025-12-17,UNC Greensboro Spartans,200.0,23,63,14,35,9,28,10,19,65,34,11,6,5,1,12,22,18,71,65,away,1,UNC Greensboro Spartans,0,65,71,North Carolina A&T Aggies,200.0,24,64,16,36,8,28,15,18,71,45,14,10,2,5,15,30,16,65.36,66.92,66.14,98.2763834290898,107.34804959177502,0.4365079365079365,0.09179926560587516,0.2857142857142857,0.4554372197309417,115.41903568556083,95.31370467231156,69.28,0.5245580808080808
401600727,2024-02-16,UNC Wilmington Seahawks,200.0,26,53,20,35,6,18,15,20,73,40,11,10,4,0,13,27,18,54,73,away,0,UNC Wilmington Seahawks,0,73,54,North Carolina A&T Aggies,200.0,19,54,17,39,2,15,14,19,54,26,3,8,6,1,10,16,13,58.8,60.36,59.58,122.5243370258476,90.6344410876133,0.5471698113207547,0.17006802721088435,0.4482758620689655,0.5906148867313916,,,,
401714243,2025-01-31,UNC Wilmington Seahawks,200.0,33,63,24,43,9,20,8,8,83,34,23,9,7,2,11,23,14,59,83,home,0,UNC Wilmington Seahawks,0,83,59,North Carolina A&T Aggies,200.0,20,46,13,23,7,23,12,18,59,18,14,12,5,3,1,17,10,64.52,64.92,64.72,128.24474660074165,91.1619283065513,0.5952380952380952,0.13949163050216987,0.39285714285714285,0.6238725195429946,,,,
401811988,2025-12-30,UNC Wilmington Seahawks,200.0,25,57,15,33,10,24,27,35,87,35,15,11,4,5,8,27,21,78,87,home,0,UNC Wilmington Seahawks,0,87,78,North Carolina A&T Aggies,200.0,27,61,20,39,7,22,17,24,78,28,11,8,7,3,3,25,22,75.4,76.56,75.98,114.50381679389312,102.65859436693867,0.5263157894736842,0.1458885941644562,0.24242424242424243,0.6008287292817679,125.38454181329462,90.8981846970823,62.15,0.571203953279425
401812084,2026-02-27,UNC Wilmington Seahawks,200.0,33,69,21,42,12,27,10,14,88,40,18,4,5,2,14,26,17,65,88,away,0,UNC Wilmington Seahawks,0,88,65,North Carolina A&T Aggies,200.0,24,54,18,30,6,24,11,16,65,26,6,9,0,3,5,21,13,65.16,65.04,65.1,135.17665130568358,99.84639016897083,0.5652173913043478,0.061387354205033766,0.4,0.5854177754124534,121.75763347349414,94.81832125370109,66.76,0.5562412320108447
401575427,2023-11-15,Virginia Cavaliers,197.0,31,56,25,44,6,12,12,16,80,41,22,8,7,10,11,30,11,51,80,away,0,Virginia Cavaliers,0,80,51,North Carolina A&T Aggies,200.0,17,53,9,22,8,31,9,12,51,18,11,10,4,2,4,14,13,60.04,64.28,62.16,128.70012870012872,82.04633204633205,0.6071428571428571,0.13324450366422386,0.44,0.6345177664974619,,,,
401706907,2024-12-13,Virginia Tech Hokies,200.0,35,70,21,34,14,36,11,16,95,44,24,15,7,5,12,32,24,67,95,away,0,Virginia Tech Hokies,0,95,67,North Carolina A&T Aggies,200.0,22,58,17,40,5,18,18,28,67,28,10,13,7,3,8,20,10,80.04,75.32,77.68,122.29660144181256,86.25128733264675,0.6,0.1874062968515742,0.375,0.6165628245067497,,,,
401700462,2024-11-08,Wake Forest Demon Deacons,200.0,27,62,21,37,6,25,20,22,80,44,15,17,7,4,10,34,15,64,80,away,0,Wake Forest Demon Deacons,0,80,64,North Carolina A&T Aggies,200.0,22,67,11,32,11,35,9,12,64,25,11,13,10,0,4,21,22,78.68,81.28,79.98,100.02500625156287,80.02000500125031,0.4838709677419355,0.21606507371631925,0.3225806451612903,0.5580357142857142,,,,
401827527,2025-11-14,Washington Adventist Shock,200.0,28,63,19,41,9,22,18,22,83,32,10,16,9,0,9,23,36,89,83,home,1,Washington Adventist Shock,0,83,89,North Carolina A&T Aggies,200.0,28,56,25,43,3,13,30,54,89,37,14,13,12,5,14,23,21,79.68,78.76,79.22,104.77152234284273,112.34536733148195,0.5158730158730159,0.2008032128514056,0.28125,0.5709961474958722,,,,
401600679,2024-01-20,William & Mary Tribe,200.0,20,57,18,35,2,22,27,38,69,38,5,13,6,4,12,26,24,76,69,home,1,William & Mary Tribe,0,69,76,North Carolina A&T Aggies,200.0,25,56,20,39,5,17,21,32,76,31,6,10,6,3,7,24,26,74.72,73.08,73.9,93.36941813261163,102.84167794316643,0.3684210526315789,0.173982869379015,0.3333333333333333,0.4679869777536625,,,,
401630139,2024-03-08,William & Mary Tribe,200.0,27,66,16,33,11,33,14,23,79,44,12,4,4,2,14,30,12,62,79,home,0,William & Mary Tribe,0,79,62,North Carolina A&T Aggies,200.0,26,66,23,47,3,19,7,11,62,37,8,6,2,6,11,26,19,66.12,65.84,65.98,119.73325250075779,93.96786905122764,0.49242424242424243,0.060496067755595885,0.35,0.5189174986862848,,,,
401714205,2025-01-11,William & Mary Tribe,200.0,28,61,17,31,11,30,14,17,81,39,19,16,5,1,7,32,18,78,81,away,0,William & Mary Tribe,0,81,78,North Carolina A&T Aggies,200.0,29,66,19,40,10,26,10,20,78,31,9,6,10,5,7,24,15,77.48,73.8,75.64,107.08619777895294,103.12004230565839,0.5491803278688525,0.20650490449148165,0.22580645161290322,0.5914135514018691,106.55133531668471,98.40477349719703,69.94,0.4304226475279107
401812015,2026-01-16,William & Mary Tribe,200.0,33,57,24,41,9,16,22,31,97,25,28,9,8,4,6,19,21,89,97,away,0,William & Mary Tribe,0,97,89,North Carolina A&T Aggies,200.0,32,54,24,36,8,18,17,23,89,30,12,17,4,2,6,24,23,73.64,75.12,74.38,130.41140091422426,119.65582145738102,0.6578947368421053,0.12221618685497013,0.2,0.6865798414496036,106.72962280410745,99.97652976668415,71.84,0.4700085409748913
401812091,2026-02-28,William & Mary Tribe,200.0,32,64,25,35,7,29,20,28,91,19,17,5,11,0,7,12,15,88,91,home,0,William & Mary Tribe,0,91,88,North Carolina A&T Aggies,200.0,35,55,29,38,6,17,12,17,88,31,21,14,2,3,4,27,20,74.32,72.48,73.4,123.97820163487738,119.89100817438691,0.5546875,0.06727664155005383,0.20588235294117646,0.5961740041928721,112.65006733163665,104.89635268935837,72.475,0.5169800899416948
